Rank,TeamId,TeamName,LastSubmissionDate,Score,SubmissionCount,TeamMemberUserNames
0,16594255,perfect_submission.csv,"2026-07-24 15:21:13",1.00000,1,
1,16596566,test_ignore,"2026-07-25 02:27:18",1.00000,1,qiren98
2,16596644,tiger,"2026-09-08 05:44:21",0.26119,45,maxiaohu
3,16807795,mmwwjj,"2026-09-08 00:42:11",0.25995,17,"mmwwjj,muxinliao"
4,16600367,linkkkk,"2026-09-08 11:27:56",0.24627,20,linkkkk
5,16746863,"Jiang Joyce0728","2026-09-08 03:33:16",0.22257,28,jiangjoyce0728
6,16599025,靠“谱”的我们,"2026-09-08 14:28:08",0.20949,48,"baoguangxin,qingxuanzeng,wangyifantianjin"
7,16609586,ICE,"2026-09-06 13:36:24",0.18746,50,yrzhao03
8,16692784,AmbrosM,"2026-09-08 18:56:49",0.18327,52,ambrosm
9,16702152,hato,"2026-08-16 11:36:54",0.17493,13,yuxianwang
10,16768720,DongbeiNo.1BigStomach,"2026-09-08 06:57:40",0.17161,14,dongbeino1bigstomach
11,16596630,坤舆木典,"2026-09-08 06:44:18",0.17161,54,"gaoyiyang,guanxingwang,tenghuiwang129,yanghaha222,yingtian1122"
12,16597722,monologue,"2026-09-08 20:43:37",0.17140,68,quhaolong
13,16596568,qqq,"2026-08-30 12:12:28",0.16714,17,yinpinggao
14,16792427,FIGHTING,"2026-09-06 08:23:57",0.16705,17,zpf178
15,16817125,yangTze07,"2026-09-08 07:29:14",0.16335,24,yangtze07
16,16809238,奶龙,"2026-09-08 13:01:41",0.16257,6,"douchunfeng,liuyuxuan123456,naiweidong,sx1515238152"
17,16798947,QQQQ,"2026-09-02 02:12:37",0.15133,3,yangzhiru
18,16650302,"Hang Pei","2026-09-07 09:06:02",0.13708,14,hangpei
19,16801443,robeson,"2026-09-06 21:57:19",0.13425,4,robeson
20,16607457,LAMP,"2026-08-20 08:34:19",0.12800,18,winstonpz
21,16824972,再提交亿次,"2026-09-04 08:44:00",0.11806,4,"asdfghc,lingfengzlf,wangyic10,whtsyws"
22,16710126,"Relics X","2026-09-05 08:30:59",0.11442,2,relicsx
23,16707627,"Jensen Zhang","2026-09-08 11:35:05",0.11137,6,jensenzhang12138
24,16635354,zuzuxiao,"2026-09-02 12:12:06",0.10985,7,zuzuxiao
25,16610085,malithWije,"2026-07-30 05:11:15",0.10635,2,malithwije
26,16641655,"Malith wijesingha","2026-08-02 13:55:00",0.10635,1,malithwijesingha
27,16701341,bestdudu,"2026-08-17 01:33:52",0.10569,7,bestdudu
28,16791082,"Yutao Du","2026-09-07 17:50:39",0.10526,21,yutaodu2573
29,16809347,LonglongDai,"2026-09-03 06:10:36",0.10463,1,longlongdai
30,16604646,xxljfa,"2026-07-27 08:32:56",0.10339,2,xxljfa
31,16741565,team_me,"2026-08-26 02:22:46",0.09970,2,nuistxiyue
32,16852276,"xiaoyan shi","2026-09-08 08:29:08",0.09621,1,xiaoyanshi0227
33,16596986,304,"2026-09-07 10:48:28",0.09435,21,"hongjiantan,why8888"
34,16856844,"Jiayi Du","2026-09-08 23:25:44",0.09307,2,jahyee
35,16736497,realflandre,"2026-08-19 06:30:58",0.06781,3,realflandre
36,16786271,chjingfhfk,"2026-09-04 09:12:05",0.06330,3,chjingfhfk
37,16828975,WRLove10,"2026-09-07 12:15:57",0.05140,2,wrlove10
38,16801185,ARTiSt,"2026-09-02 08:45:53",0.03451,7,kerwin0425
